create DATABASE xsctf_company;
use xsctf_company;

CREATE TABLE users (
    user_id INT AUTO_INCREMENT PRIMARY KEY,
    username VARCHAR(50),
    email VARCHAR(100),
    age INT,
    registration_date DATE
);
CREATE TABLE orders (
    order_id INT AUTO_INCREMENT PRIMARY KEY,
    user_id INT,
    product_name VARCHAR(100),
    quantity INT,
    order_date DATE
);
CREATE TABLE products (
    product_id INT AUTO_INCREMENT PRIMARY KEY,
    product_name VARCHAR(100),
    category VARCHAR(50),
    price DECIMAL(10, 2),
    stock INT
);
CREATE TABLE reviews (
    review_id INT AUTO_INCREMENT PRIMARY KEY,
    product_id INT,
    user_id INT,
    rating INT,
    review_date DATE
);
CREATE TABLE employees (
    employee_id INT AUTO_INCREMENT PRIMARY KEY,
    first_name VARCHAR(50),
    last_name VARCHAR(50),
    position VARCHAR(50),
    hire_date DATE
);





INSERT INTO users (username, email, age, registration_date) VALUES
('alice', 'alice@example.com', 25, '2023-05-21'),
('bob', 'bob@example.com', 30, '2023-04-11'),
('charlie', 'charlie@example.com', 22, '2023-01-15'),
('dave', 'dave@example.com', 35, '2023-06-18'),
('eve', 'eve@example.com', 28, '2023-07-02'),
('frank', 'frank@example.com', 32, '2023-02-20'),
('grace', 'grace@example.com', 26, '2023-03-05'),
('heidi', 'heidi@example.com', 27, '2023-04-08'),
('ivan', 'ivan@example.com', 31, '2023-05-12'),
('judy', 'judy@example.com', 24, '2023-06-01'),
('karen', 'karen@example.com', 29, '2023-07-07'),
('leo', 'leo@example.com', 21, '2023-01-23'),
('mallory', 'mallory@example.com', 34, '2023-03-11'),
('nancy', 'nancy@example.com', 33, '2023-05-25'),
('oliver', 'oliver@example.com', 28, '2023-06-30'),
('peggy', 'peggy@example.com', 23, '2023-02-16'),
('quincy', 'quincy@example.com', 35, '2023-07-10'),
('rachel', 'rachel@example.com', 22, '2023-01-29'),
('steve', 'steve@example.com', 30, '2023-04-19'),
('trent', 'trent@example.com', 32, '2023-05-14'),
('ursula', 'ursula@example.com', 27, '2023-03-28'),
('victor', 'victor@example.com', 26, '2023-02-07'),
('wendy', 'wendy@example.com', 29, '2023-05-08'),
('xander', 'xander@example.com', 31, '2023-06-22'),
('yara', 'yara@example.com', 25, '2023-04-16'),
('zara', 'zara@example.com', 24, '2023-01-05'),
('alex', 'alex@example.com', 28, '2023-07-15'),
('ben', 'ben@example.com', 30, '2023-03-18'),
('carol', 'carol@example.com', 35, '2023-02-25'),
('dan', 'dan@example.com', 33, '2023-05-31'),
('emily', 'emily@example.com', 22, '2023-06-26'),
('fred', 'fred@example.com', 32, '2023-07-13'),
('george', 'george@example.com', 21, '2023-04-04'),
('harry', 'harry@example.com', 34, '2023-05-01'),
('isabel', 'isabel@example.com', 29, '2023-06-11'),
('jack', 'jack@example.com', 24, '2023-07-18'),
('kathy', 'kathy@example.com', 25, '2023-02-12'),
('linda', 'linda@example.com', 27, '2023-03-14'),
('mike', 'mike@example.com', 30, '2023-01-08'),
('nina', 'nina@example.com', 26, '2023-04-20'),
('oscar', 'oscar@example.com', 33, '2023-05-26'),
('peter', 'peter@example.com', 28, '2023-06-14'),
('quinn', 'quinn@example.com', 31, '2023-02-10'),
('rose', 'rose@example.com', 35, '2023-01-13'),
('sam', 'sam@example.com', 32, '2023-03-25'),
('tina', 'tina@example.com', 23, '2023-04-30'),
('una', 'una@example.com', 29, '2023-05-19'),
('victor', 'victor@example.com', 27, '2023-06-28'),
('will', 'will@example.com', 24, '2023-07-08');


INSERT INTO orders (user_id, product_name, quantity, order_date) VALUES
(1, 'Laptop', 1, '2023-05-21'),
(2, 'Smartphone', 2, '2023-04-22'),
(3, 'Tablet', 1, '2023-01-05'),
(4, 'Monitor', 2, '2023-06-12'),
(5, 'Keyboard', 3, '2023-07-04'),
(6, 'Mouse', 1, '2023-02-11'),
(7, 'Printer', 1, '2023-03-06'),
(8, 'Smartwatch', 2, '2023-04-18'),
(9, 'Camera', 1, '2023-05-12'),
(10, 'Headphones', 2, '2023-06-01'),
(11, 'Tablet', 1, '2023-07-07'),
(12, 'Laptop', 1, '2023-01-23'),
(13, 'Monitor', 2, '2023-03-12'),
(14, 'Keyboard', 3, '2023-05-25'),
(15, 'Mouse', 1, '2023-06-20'),
(16, 'Smartphone', 2, '2023-07-10'),
(17, 'Camera', 1, '2023-01-29'),
(18, 'Printer', 1, '2023-04-14'),
(19, 'Headphones', 2, '2023-05-15'),
(20, 'Smartwatch', 1, '2023-03-28'),
(21, 'Laptop', 1, '2023-02-07'),
(22, 'Tablet', 1, '2023-05-08'),
(23, 'Monitor', 2, '2023-06-22'),
(24, 'Keyboard', 3, '2023-04-16'),
(25, 'Mouse', 1, '2023-01-05'),
(26, 'Printer', 1, '2023-07-15'),
(27, 'Camera', 1, '2023-03-18'),
(28, 'Smartwatch', 2, '2023-02-25'),
(29, 'Headphones', 2, '2023-05-31'),
(30, 'Smartphone', 1, '2023-06-26'),
(31, 'Tablet', 1, '2023-07-13'),
(32, 'Laptop', 1, '2023-04-04'),
(33, 'Monitor', 2, '2023-05-01'),
(34, 'Keyboard', 3, '2023-06-11'),
(35, 'Mouse', 1, '2023-07-18'),
(36, 'Camera', 1, '2023-02-12'),
(37, 'Smartphone', 2, '2023-03-14'),
(38, 'Printer', 1, '2023-01-08'),
(39, 'Smartwatch', 1, '2023-04-20'),
(40, 'Headphones', 2, '2023-05-26'),
(41, 'Laptop', 1, '2023-06-14'),
(42, 'Monitor', 2, '2023-02-10'),
(43, 'Keyboard', 3, '2023-01-13'),
(44, 'Mouse', 1, '2023-03-25'),
(45, 'Printer', 1, '2023-04-30'),
(46, 'Smartwatch', 2, '2023-05-19'),
(47, 'Camera', 1, '2023-06-28'),
(48, 'Headphones', 2, '2023-07-08'),
(49, 'Tablet', 1, '2023-02-16'),
(50, 'Smartphone', 2, '2023-03-22');


INSERT INTO products (product_name, category, price, stock) VALUES
('Laptop', 'Electronics', 1200.00, 50),
('Smartphone', 'Electronics', 800.00, 100),
('Tablet', 'Electronics', 500.00, 75),
('Monitor', 'Electronics', 300.00, 120),
('Keyboard', 'Accessories', 50.00, 200),
('Mouse', 'Accessories', 30.00, 180),
('Headphones', 'Accessories', 80.00, 150),
('Smartwatch', 'Wearables', 250.00, 90),
('Printer', 'Office', 150.00, 70),
('Camera', 'Electronics', 900.00, 60),
('External Hard Drive', 'Storage', 100.00, 130),
('USB Flash Drive', 'Storage', 25.00, 300),
('Router', 'Networking', 70.00, 110),
('Speakers', 'Accessories', 120.00, 85),
('Webcam', 'Electronics', 60.00, 200),
('Gaming Console', 'Gaming', 500.00, 40),
('Drone', 'Electronics', 800.00, 25),
('VR Headset', 'Gaming', 450.00, 35),
('Fitness Tracker', 'Wearables', 100.00, 140),
('Smart Glasses', 'Wearables', 400.00, 50),
('Projector', 'Electronics', 700.00, 30),
('Portable Charger', 'Accessories', 40.00, 250),
('Bluetooth Speaker', 'Accessories', 150.00, 80),
('Graphics Card', 'Computing', 1200.00, 20),
('Motherboard', 'Computing', 300.00, 55),
('Processor', 'Computing', 350.00, 40),
('RAM', 'Computing', 150.00, 90),
('SSD', 'Storage', 200.00, 150),
('Power Supply', 'Computing', 100.00, 60),
('Cooling Fan', 'Computing', 40.00, 180),
('Laptop Stand', 'Accessories', 30.00, 220),
('Wireless Keyboard', 'Accessories', 60.00, 150),
('flag2', '1nterest1n9}', 50.00, 170),
('Office Chair', 'Furniture', 200.00, 50),
('Standing Desk', 'Furniture', 400.00, 25),
('Desk Lamp', 'Office', 40.00, 100),
('Ergonomic Chair', 'Furniture', 300.00, 45),
('3D Printer', 'Electronics', 1500.00, 15),
('E-Reader', 'Electronics', 250.00, 70),
('Smart Thermostat', 'Home', 180.00, 90),
('Security Camera', 'Home', 150.00, 100),
('Robot Vacuum', 'Home', 500.00, 40),
('Smart Lock', 'Home', 200.00, 60),
('WiFi Range Extender', 'Networking', 40.00, 130),
('Smart Light Bulb', 'Home', 20.00, 300),
('Smart Plug', 'Home', 30.00, 250),
('Smart Doorbell', 'Home', 150.00, 80),
('Electric Scooter', 'Mobility', 700.00, 30),
('Electric Bike', 'Mobility', 1500.00, 25),
('Hoverboard', 'Mobility', 400.00, 50);


INSERT INTO reviews (product_id, user_id, rating, review_date) VALUES
(1, 1, 5, '2023-06-01'),
(2, 2, 4, '2023-06-02'),
(3, 3, 3, '2023-06-03'),
(4, 4, 5, '2023-06-04'),
(5, 5, 4, '2023-06-05'),
(6, 6, 5, '2023-06-06'),
(7, 7, 3, '2023-06-07'),
(8, 8, 4, '2023-06-08'),
(9, 9, 2, '2023-06-09'),
(10, 10, 5, '2023-06-10'),
(11, 11, 3, '2023-06-11'),
(12, 12, 4, '2023-06-12'),
(13, 13, 5, '2023-06-13'),
(14, 14, 2, '2023-06-14'),
(15, 15, 4, '2023-06-15'),
(16, 16, 5, '2023-06-16'),
(17, 17, 4, '2023-06-17'),
(18, 18, 3, '2023-06-18'),
(19, 19, 4, '2023-06-19'),
(20, 20, 5, '2023-06-20'),
(21, 21, 2, '2023-06-21'),
(22, 22, 3, '2023-06-22'),
(23, 23, 4, '2023-06-23'),
(24, 24, 5, '2023-06-24'),
(25, 25, 4, '2023-06-25'),
(26, 26, 3, '2023-06-26'),
(27, 27, 4, '2023-06-27'),
(28, 28, 5, '2023-06-28'),
(29, 29, 2, '2023-06-29'),
(30, 30, 4, '2023-06-30'),
(31, 31, 5, '2023-07-01'),
(32, 32, 4, '2023-07-02'),
(33, 33, 3, '2023-07-03'),
(34, 34, 5, '2023-07-04'),
(35, 35, 2, '2023-07-05'),
(36, 36, 4, '2023-07-06'),
(37, 37, 5, '2023-07-07'),
(38, 38, 3, '2023-07-08'),
(39, 39, 4, '2023-07-09'),
(40, 40, 5, '2023-07-10'),
(41, 41, 3, '2023-07-11'),
(42, 42, 4, '2023-07-12'),
(43, 43, 5, '2023-07-13'),
(44, 44, 2, '2023-07-14'),
(45, 45, 4, '2023-07-15'),
(46, 46, 5, '2023-07-16'),
(47, 47, 3, '2023-07-17'),
(48, 48, 4, '2023-07-18'),
(49, 49, 5, '2023-07-19'),
(50, 50, 2, '2023-07-20');

INSERT INTO employees (first_name, last_name, position, hire_date) VALUES
('John', 'Doe', 'Manager', '2020-05-01'),
('Jane', 'Smith', 'Developer', '2021-07-15'),
('Alice', 'Johnson', 'Designer', '2019-11-10'),
('Bob', 'Williams', 'Sales', '2018-09-23'),
('Charlie', 'Brown', 'Support', '2022-03-30'),
('David', 'Miller', 'HR', '2019-12-11'),
('Eve', 'Davis', 'Marketing', '2021-05-22'),
('Frank', 'Wilson', 'Developer', '2020-06-05'),
('Grace', 'Taylor', 'Manager', '2020-10-18'),
('Hank', 'Anderson', 'Sales', '2019-01-28'),
('Ivy', 'Thomas', 'Support', '2022-07-14'),
('Jack', 'Moore', 'Developer', '2021-11-08'),
('Karen', 'Jackson', 'HR', '2020-02-19'),
('Leo', 'White', 'Designer', '2021-04-02'),
('Mia', 'Harris', 'Sales', '2018-10-09'),
('Nina', 'Martin', 'Support', '2022-09-25'),
('Oscar', 'Thompson', 'Developer', '2021-12-16'),
('Paul', 'Garcia', 'Marketing', '2020-07-07'),
('Quincy', 'Martinez', 'Manager', '2020-11-23'),
('Rachel', 'Robinson', 'Support', '2022-08-31'),
('Sam', 'Clark', 'Sales', '2019-03-18'),
('Tina', 'Rodriguez', 'HR', '2021-02-13'),
('Uma', 'Lewis', 'Marketing', '2020-12-28'),
('Victor', 'Lee', 'Developer', '2021-09-04'),
('flag1', 'XSCTF{sql_1s_', 'Support', '2022-04-06'),
('Xander', 'Hall', 'Manager', '2020-03-27'),
('Yara', 'Allen', 'Sales', '2019-08-15'),
('Zara', 'Young', 'HR', '2021-06-21'),
('Adam', 'King', 'Support', '2022-10-02'),
('Bella', 'Scott', 'Marketing', '2021-01-11'),
('Chris', 'Green', 'Sales', '2019-04-14'),
('Diana', 'Baker', 'HR', '2021-08-19'),
('Ethan', 'Gonzalez', 'Developer', '2021-03-30'),
('Fiona', 'Nelson', 'Manager', '2020-08-08'),
('George', 'Carter', 'Marketing', '2020-12-11'),
('Holly', 'Mitchell', 'Support', '2022-06-17'),
('Ian', 'Perez', 'Sales', '2018-11-23'),
('Jill', 'Roberts', 'Developer', '2021-05-12'),
('Kyle', 'Turner', 'HR', '2019-12-05'),
('Laura', 'Phillips', 'Designer', '2021-09-29'),
('Mike', 'Campbell', 'Support', '2022-01-15'),
('Nora', 'Parker', 'Marketing', '2020-02-26'),
('Olivia', 'Evans', 'Manager', '2020-09-12'),
('Pete', 'Edwards', 'Sales', '2019-06-24'),
('Queenie', 'Collins', 'Developer', '2021-11-30'),
('Rick', 'Stewart', 'HR', '2020-04-18'),
('Sophia', 'Sanchez', 'Support', '2022-05-05'),
('Tom', 'Morris', 'Sales', '2018-08-27'),
('Ursula', 'Rogers', 'Marketing', '2021-03-21');
















